"Reference","Qty","Value","DNP","Exclude from BOM","Exclude from Board","Exclude from Simulation","Exclude from Position Files","Footprint","Datasheet"
"C3,C20,C21","3",".1uF","","","","","${EXCLUDE_FROM_POS_FILES}","Capacitor_SMD:C_0603_1608Metric_Pad1.08x0.95mm_HandSolder",""
"C18,C19","2","10uF","","","","","${EXCLUDE_FROM_POS_FILES}","Capacitor_SMD:C_0805_2012Metric_Pad1.18x1.45mm_HandSolder",""
"C22","1","3.9nF","","","","","${EXCLUDE_FROM_POS_FILES}","Capacitor_SMD:C_0603_1608Metric_Pad1.08x0.95mm_HandSolder",""
"C23","1","80pF","","","","","${EXCLUDE_FROM_POS_FILES}","Capacitor_SMD:C_0603_1608Metric_Pad1.08x0.95mm_HandSolder",""
"C24,C25,C26","3","22uF","","","","","${EXCLUDE_FROM_POS_FILES}","Capacitor_SMD:C_0805_2012Metric_Pad1.18x1.45mm_HandSolder",""
"C35","1","2.2uF","","","","","${EXCLUDE_FROM_POS_FILES}","Capacitor_SMD:C_0603_1608Metric_Pad1.08x0.95mm_HandSolder",""
"C36","1","1pF","","","","","${EXCLUDE_FROM_POS_FILES}","Capacitor_SMD:C_0603_1608Metric_Pad1.08x0.95mm_HandSolder",""
"L2","1","4.7uH","","","","","${EXCLUDE_FROM_POS_FILES}","UPS:IND_ETQP8M4R7JFA",""
"PS1","1","TPS61288LRQQR","","","","","${EXCLUDE_FROM_POS_FILES}","UPS:CONV_TPS61288LRQQR",""
"R30","1","8.25k","","","","","${EXCLUDE_FROM_POS_FILES}","Resistor_SMD:R_0603_1608Metric_Pad0.98x0.95mm_HandSolder",""
"R31","1","14.3k","","","","","${EXCLUDE_FROM_POS_FILES}","Resistor_SMD:R_0603_1608Metric_Pad0.98x0.95mm_HandSolder",""
"R32","1","107k","","","","","${EXCLUDE_FROM_POS_FILES}","Resistor_SMD:R_0603_1608Metric_Pad0.98x0.95mm_HandSolder",""
"R38","1","0","","","","","${EXCLUDE_FROM_POS_FILES}","Resistor_SMD:R_1218_3246Metric_Pad1.22x4.75mm_HandSolder",""
"TP1","1","5vTest","","","","","${EXCLUDE_FROM_POS_FILES}","TestPoint:TestPoint_Pad_D1.5mm",""
"TP2","1","AGNDTest","","","","","${EXCLUDE_FROM_POS_FILES}","TestPoint:TestPoint_Pad_D1.5mm",""
"TP3","1","GNDTest","","","","","${EXCLUDE_FROM_POS_FILES}","UPS:TespointBig",""
"TP4","1","Enable","","","","","${EXCLUDE_FROM_POS_FILES}","TestPoint:TestPoint_Pad_D1.5mm",""
"TP5","1","Vin","","","","","${EXCLUDE_FROM_POS_FILES}","UPS:TespointBig",""
